algorithm,iterations,keygen_seconds,message_bytes,peak_rss_bytes,reason,repetition,sign_seconds,signature_bytes,status,verify_seconds
RSA-2048/SHA-256,1000,0.041890000,32,4931584,,1,0.340535000,256,confirmed,0.009876000
P-256/SHA-256,1000,0.000055000,32,5275648,,1,0.012637000,71,confirmed,0.034526000
Ed25519,1000,0.000035000,32,5373952,,1,0.016735000,64,confirmed,0.040994000
ML-DSA-44,1000,0.000071000,32,5636096,,1,0.234626000,2420,confirmed,0.047715000
ML-DSA-65,1000,0.000099000,32,5718016,,1,0.406438000,3309,confirmed,0.073394000
ML-DSA-87,1000,0.000125000,32,5783552,,1,0.473742000,4627,confirmed,0.115209000
RSA-2048/SHA-256,1000,0.023642000,32,4947968,,2,0.343945000,256,confirmed,0.009768000
P-256/SHA-256,1000,0.000052000,32,5292032,,2,0.012842000,72,confirmed,0.034390000
Ed25519,1000,0.000033000,32,5390336,,2,0.016438000,64,confirmed,0.040188000
ML-DSA-44,1000,0.000064000,32,5636096,,2,0.273944000,2420,confirmed,0.047969000
ML-DSA-65,1000,0.000106000,32,5701632,,2,0.405020000,3309,confirmed,0.073274000
ML-DSA-87,1000,0.000124000,32,5799936,,2,0.485135000,4627,confirmed,0.117547000
RSA-2048/SHA-256,1000,0.036504000,32,4915200,,3,0.339882000,256,confirmed,0.009778000
P-256/SHA-256,1000,0.000052000,32,5259264,,3,0.012777000,71,confirmed,0.034618000
Ed25519,1000,0.000040000,32,5357568,,3,0.017489000,64,confirmed,0.041605000
ML-DSA-44,1000,0.000075000,32,5603328,,3,0.256154000,2420,confirmed,0.047743000
ML-DSA-65,1000,0.000106000,32,5701632,,3,0.453213000,3309,confirmed,0.082199000
ML-DSA-87,1000,0.000136000,32,5816320,,3,0.491154000,4627,confirmed,0.117706000
RSA-2048/SHA-256,1000,0.032007000,32,4866048,,4,0.345026000,256,confirmed,0.009905000
P-256/SHA-256,1000,0.000055000,32,5210112,,4,0.012794000,71,confirmed,0.034409000
Ed25519,1000,0.000031000,32,5308416,,4,0.016331000,64,confirmed,0.040324000
ML-DSA-44,1000,0.000070000,32,5554176,,4,0.268207000,2420,confirmed,0.055582000
ML-DSA-65,1000,0.000110000,32,5619712,,4,0.428875000,3309,confirmed,0.078539000
ML-DSA-87,1000,0.000157000,32,5685248,,4,0.462071000,4627,confirmed,0.115817000
RSA-2048/SHA-256,1000,0.023433000,32,4898816,,5,0.340562000,256,confirmed,0.009746000
P-256/SHA-256,1000,0.000053000,32,5242880,,5,0.012683000,72,confirmed,0.034716000
Ed25519,1000,0.000039000,32,5341184,,5,0.016646000,64,confirmed,0.040356000
ML-DSA-44,1000,0.000070000,32,5521408,,5,0.248583000,2420,confirmed,0.047869000
ML-DSA-65,1000,0.000099000,32,5570560,,5,0.393509000,3309,confirmed,0.073427000
ML-DSA-87,1000,0.000122000,32,5636096,,5,0.462950000,4627,confirmed,0.115820000
RSA-2048/SHA-256,1000,0.017828000,32,4898816,,6,0.338493000,256,confirmed,0.009881000
P-256/SHA-256,1000,0.000053000,32,5242880,,6,0.012637000,71,confirmed,0.034543000
Ed25519,1000,0.000035000,32,5341184,,6,0.016557000,64,confirmed,0.051251000
ML-DSA-44,1000,0.000080000,32,5603328,,6,0.249892000,2420,confirmed,0.047787000
ML-DSA-65,1000,0.000102000,32,5652480,,6,0.400877000,3309,confirmed,0.118576000
ML-DSA-87,1000,0.000171000,32,5799936,,6,0.483671000,4627,confirmed,0.116344000
RSA-2048/SHA-256,1000,0.013400000,32,4898816,,7,0.340012000,256,confirmed,0.009791000
P-256/SHA-256,1000,0.000053000,32,5242880,,7,0.012589000,71,confirmed,0.051503000
Ed25519,1000,0.000237000,32,5341184,,7,0.037589000,64,confirmed,0.099834000
ML-DSA-44,1000,0.000184000,32,5603328,,7,0.336169000,2420,confirmed,0.047967000
ML-DSA-65,1000,0.000105000,32,5668864,,7,0.403558000,3309,confirmed,0.073452000
ML-DSA-87,1000,0.000130000,32,5734400,,7,0.475556000,4627,confirmed,0.120243000
RSA-2048/SHA-256,1000,0.009701000,32,4898816,,8,0.340117000,256,confirmed,0.009758000
P-256/SHA-256,1000,0.000056000,32,5242880,,8,0.013695000,72,confirmed,0.035064000
Ed25519,1000,0.000039000,32,5341184,,8,0.016598000,64,confirmed,0.039823000
ML-DSA-44,1000,0.000069000,32,5521408,,8,0.236808000,2420,confirmed,0.047650000
ML-DSA-65,1000,0.000097000,32,5570560,,8,0.408354000,3309,confirmed,0.073315000
ML-DSA-87,1000,0.000121000,32,5636096,,8,0.478930000,4627,confirmed,0.115461000
RSA-2048/SHA-256,1000,0.033891000,32,4915200,,9,0.342413000,256,confirmed,0.009792000
P-256/SHA-256,1000,0.000095000,32,5259264,,9,0.012569000,72,confirmed,0.034372000
Ed25519,1000,0.000030000,32,5357568,,9,0.016667000,64,confirmed,0.040320000
ML-DSA-44,1000,0.000071000,32,5603328,,9,0.239822000,2420,confirmed,0.047803000
ML-DSA-65,1000,0.000095000,32,5652480,,9,0.399646000,3309,confirmed,0.073334000
ML-DSA-87,1000,0.000129000,32,5832704,,9,0.491985000,4627,confirmed,0.116106000
RSA-2048/SHA-256,1000,0.024721000,32,4898816,,10,0.339089000,256,confirmed,0.009803000
P-256/SHA-256,1000,0.000053000,32,5242880,,10,0.012634000,72,confirmed,0.034432000
Ed25519,1000,0.000029000,32,5341184,,10,0.016836000,64,confirmed,0.040527000
ML-DSA-44,1000,0.000072000,32,5521408,,10,0.246091000,2420,confirmed,0.047792000
ML-DSA-65,1000,0.000097000,32,5570560,,10,0.415826000,3309,confirmed,0.073284000
ML-DSA-87,1000,0.000125000,32,5668864,,10,0.456163000,4627,confirmed,0.115566000
RSA-2048/SHA-256,1000,0.009338000,512,4866048,,1,0.339469000,256,confirmed,0.009910000
P-256/SHA-256,1000,0.000052000,512,5210112,,1,0.012904000,71,confirmed,0.034650000
Ed25519,1000,0.000033000,512,5308416,,1,0.017293000,64,confirmed,0.040938000
ML-DSA-44,1000,0.000067000,512,5570560,,1,0.248829000,2420,confirmed,0.048553000
ML-DSA-65,1000,0.000102000,512,5652480,,1,0.410646000,3309,confirmed,0.076757000
ML-DSA-87,1000,0.000133000,512,5799936,,1,0.466103000,4627,confirmed,0.118853000
RSA-2048/SHA-256,1000,0.021346000,512,4915200,,2,0.346773000,256,confirmed,0.009996000
P-256/SHA-256,1000,0.000053000,512,5259264,,2,0.012896000,70,confirmed,0.034534000
Ed25519,1000,0.000030000,512,5357568,,2,0.017372000,64,confirmed,0.041095000
ML-DSA-44,1000,0.000072000,512,5537792,,2,0.253096000,2420,confirmed,0.048480000
ML-DSA-65,1000,0.000099000,512,5586944,,2,0.394255000,3309,confirmed,0.073727000
ML-DSA-87,1000,0.000123000,512,5652480,,2,0.473957000,4627,confirmed,0.116429000
RSA-2048/SHA-256,1000,0.010249000,512,4915200,,3,0.339229000,256,confirmed,0.009888000
P-256/SHA-256,1000,0.000053000,512,5259264,,3,0.012753000,71,confirmed,0.034589000
Ed25519,1000,0.000032000,512,5357568,,3,0.017297000,64,confirmed,0.040766000
ML-DSA-44,1000,0.000068000,512,5521408,,3,0.248696000,2420,confirmed,0.048111000
ML-DSA-65,1000,0.000097000,512,5701632,,3,0.400321000,3309,confirmed,0.073612000
ML-DSA-87,1000,0.000121000,512,5767168,,3,0.464999000,4627,confirmed,0.116365000
RSA-2048/SHA-256,1000,0.032192000,512,4915200,,4,0.338791000,256,confirmed,0.009989000
P-256/SHA-256,1000,0.000052000,512,5259264,,4,0.012830000,71,confirmed,0.034336000
Ed25519,1000,0.000031000,512,5357568,,4,0.017574000,64,confirmed,0.040638000
ML-DSA-44,1000,0.000074000,512,5521408,,4,0.246949000,2420,confirmed,0.048328000
ML-DSA-65,1000,0.000099000,512,5586944,,4,0.395794000,3309,confirmed,0.073878000
ML-DSA-87,1000,0.000121000,512,5652480,,4,0.483415000,4627,confirmed,0.116345000
RSA-2048/SHA-256,1000,0.025183000,512,4915200,,5,0.339152000,256,confirmed,0.010007000
P-256/SHA-256,1000,0.000052000,512,5259264,,5,0.012973000,72,confirmed,0.034449000
Ed25519,1000,0.000033000,512,5357568,,5,0.016889000,64,confirmed,0.040385000
ML-DSA-44,1000,0.000074000,512,5521408,,5,0.239081000,2420,confirmed,0.048174000
ML-DSA-65,1000,0.000110000,512,5586944,,5,0.401464000,3309,confirmed,0.073985000
ML-DSA-87,1000,0.000119000,512,5652480,,5,0.468645000,4627,confirmed,0.116239000
RSA-2048/SHA-256,1000,0.023415000,512,4898816,,6,0.339980000,256,confirmed,0.010019000
P-256/SHA-256,1000,0.000052000,512,5242880,,6,0.012903000,71,confirmed,0.034777000
Ed25519,1000,0.000037000,512,5341184,,6,0.017002000,64,confirmed,0.040718000
ML-DSA-44,1000,0.000066000,512,5570560,,6,0.249705000,2420,confirmed,0.070351000
ML-DSA-65,1000,0.000106000,512,5685248,,6,0.410676000,3309,confirmed,0.073759000
ML-DSA-87,1000,0.000122000,512,5799936,,6,0.466667000,4627,confirmed,0.116377000
RSA-2048/SHA-256,1000,0.013912000,512,4898816,,7,0.338719000,256,confirmed,0.009916000
P-256/SHA-256,1000,0.000051000,512,5242880,,7,0.012942000,72,confirmed,0.034517000
Ed25519,1000,0.000032000,512,5341184,,7,0.017011000,64,confirmed,0.049322000
ML-DSA-44,1000,0.000106000,512,5521408,,7,0.233321000,2420,confirmed,0.049354000
ML-DSA-65,1000,0.000102000,512,5570560,,7,0.399330000,3309,confirmed,0.073791000
ML-DSA-87,1000,0.000124000,512,5636096,,7,0.481455000,4627,confirmed,0.116187000
RSA-2048/SHA-256,1000,0.017030000,512,4898816,,8,0.339471000,256,confirmed,0.009904000
P-256/SHA-256,1000,0.000053000,512,5242880,,8,0.012814000,71,confirmed,0.034545000
Ed25519,1000,0.000033000,512,5341184,,8,0.016855000,64,confirmed,0.040835000
ML-DSA-44,1000,0.000068000,512,5505024,,8,0.259449000,2420,confirmed,0.048413000
ML-DSA-65,1000,0.000103000,512,5570560,,8,0.401960000,3309,confirmed,0.074206000
ML-DSA-87,1000,0.000124000,512,5799936,,8,0.502285000,4627,confirmed,0.116525000
RSA-2048/SHA-256,1000,0.012898000,512,4898816,,9,0.339871000,256,confirmed,0.009938000
P-256/SHA-256,1000,0.000054000,512,5242880,,9,0.012935000,72,confirmed,0.034550000
Ed25519,1000,0.000034000,512,5341184,,9,0.017082000,64,confirmed,0.041204000
ML-DSA-44,1000,0.000068000,512,5586944,,9,0.255013000,2420,confirmed,0.048655000
ML-DSA-65,1000,0.000105000,512,5652480,,9,0.397656000,3309,confirmed,0.073985000
ML-DSA-87,1000,0.000126000,512,5799936,,9,0.466597000,4627,confirmed,0.116210000
RSA-2048/SHA-256,1000,0.031137000,512,4898816,,10,0.370739000,256,confirmed,0.009929000
P-256/SHA-256,1000,0.000055000,512,5242880,,10,0.012868000,71,confirmed,0.034641000
Ed25519,1000,0.000034000,512,5341184,,10,0.017208000,64,confirmed,0.041621000
ML-DSA-44,1000,0.000074000,512,5586944,,10,0.249717000,2420,confirmed,0.054904000
ML-DSA-65,1000,0.000117000,512,5685248,,10,0.416766000,3309,confirmed,0.076054000
ML-DSA-87,1000,0.000132000,512,5783552,,10,0.466910000,4627,confirmed,0.117255000
RSA-2048/SHA-256,1000,0.018224000,2048,4866048,,1,0.338995000,256,confirmed,0.010453000
P-256/SHA-256,1000,0.000053000,2048,5210112,,1,0.013280000,71,confirmed,0.035067000
Ed25519,1000,0.000033000,2048,5308416,,1,0.019173000,64,confirmed,0.042339000
ML-DSA-44,1000,0.000083000,2048,5472256,,1,0.250365000,2420,confirmed,0.049742000
ML-DSA-65,1000,0.000098000,2048,5668864,,1,0.390752000,3309,confirmed,0.075247000
ML-DSA-87,1000,0.000130000,2048,5783552,,1,0.488890000,4627,confirmed,0.119025000
RSA-2048/SHA-256,1000,0.066088000,2048,4866048,,2,0.340244000,256,confirmed,0.010463000
P-256/SHA-256,1000,0.000055000,2048,5210112,,2,0.013305000,71,confirmed,0.034912000
Ed25519,1000,0.000033000,2048,5308416,,2,0.018782000,64,confirmed,0.041685000
ML-DSA-44,1000,0.000073000,2048,5472256,,2,0.244497000,2420,confirmed,0.049734000
ML-DSA-65,1000,0.000098000,2048,5554176,,2,0.391318000,3309,confirmed,0.075281000
ML-DSA-87,1000,0.000130000,2048,5783552,,2,0.475694000,4627,confirmed,0.117986000
RSA-2048/SHA-256,1000,0.034462000,2048,4931584,,3,0.339202000,256,confirmed,0.010509000
P-256/SHA-256,1000,0.000053000,2048,5275648,,3,0.013327000,70,confirmed,0.034873000
Ed25519,1000,0.000029000,2048,5373952,,3,0.019024000,64,confirmed,0.041213000
ML-DSA-44,1000,0.000068000,2048,5537792,,3,0.253070000,2420,confirmed,0.050304000
ML-DSA-65,1000,0.000096000,2048,5603328,,3,0.403230000,3309,confirmed,0.075124000
ML-DSA-87,1000,0.000121000,2048,5668864,,3,0.472651000,4627,confirmed,0.117997000
RSA-2048/SHA-256,1000,0.015054000,2048,4866048,,4,0.339990000,256,confirmed,0.010733000
P-256/SHA-256,1000,0.000057000,2048,5210112,,4,0.013765000,72,confirmed,0.035438000
Ed25519,1000,0.000039000,2048,5308416,,4,0.019102000,64,confirmed,0.041673000
ML-DSA-44,1000,0.000066000,2048,5554176,,4,0.257535000,2420,confirmed,0.049818000
ML-DSA-65,1000,0.000105000,2048,5636096,,4,0.409979000,3309,confirmed,0.075153000
ML-DSA-87,1000,0.000129000,2048,5734400,,4,0.457861000,4627,confirmed,0.126332000
RSA-2048/SHA-256,1000,0.029301000,2048,4866048,,5,0.340238000,256,confirmed,0.010397000
P-256/SHA-256,1000,0.000054000,2048,5210112,,5,0.013339000,71,confirmed,0.035135000
Ed25519,1000,0.000036000,2048,5308416,,5,0.019065000,64,confirmed,0.041889000
ML-DSA-44,1000,0.000073000,2048,5472256,,5,0.251534000,2420,confirmed,0.049726000
ML-DSA-65,1000,0.000103000,2048,5668864,,5,0.407397000,3309,confirmed,0.077413000
ML-DSA-87,1000,0.000128000,2048,5783552,,5,0.489256000,4627,confirmed,0.118573000
RSA-2048/SHA-256,1000,0.030208000,2048,4915200,,6,0.339327000,256,confirmed,0.010475000
P-256/SHA-256,1000,0.000054000,2048,5259264,,6,0.013291000,70,confirmed,0.035009000
Ed25519,1000,0.000034000,2048,5357568,,6,0.019004000,64,confirmed,0.042029000
ML-DSA-44,1000,0.000070000,2048,5537792,,6,0.245648000,2420,confirmed,0.049873000
ML-DSA-65,1000,0.000094000,2048,5586944,,6,0.397263000,3309,confirmed,0.075266000
ML-DSA-87,1000,0.000126000,2048,5652480,,6,0.472836000,4627,confirmed,0.118077000
RSA-2048/SHA-256,1000,0.019082000,2048,4931584,,7,0.340150000,256,confirmed,0.010425000
P-256/SHA-256,1000,0.000053000,2048,5275648,,7,0.013542000,71,confirmed,0.036439000
Ed25519,1000,0.000041000,2048,5373952,,7,0.020517000,64,confirmed,0.042326000
ML-DSA-44,1000,0.000075000,2048,5619712,,7,0.259434000,2420,confirmed,0.050259000
ML-DSA-65,1000,0.000099000,2048,5718016,,7,0.394774000,3309,confirmed,0.075307000
ML-DSA-87,1000,0.000135000,2048,5783552,,7,0.478837000,4627,confirmed,0.117591000
RSA-2048/SHA-256,1000,0.030022000,2048,4866048,,8,0.341653000,256,confirmed,0.010585000
P-256/SHA-256,1000,0.000055000,2048,5210112,,8,0.013386000,71,confirmed,0.034922000
Ed25519,1000,0.000030000,2048,5324800,,8,0.019001000,64,confirmed,0.041594000
ML-DSA-44,1000,0.000075000,2048,5586944,,8,0.236136000,2420,confirmed,0.049595000
ML-DSA-65,1000,0.000102000,2048,5668864,,8,0.413734000,3309,confirmed,0.075048000
ML-DSA-87,1000,0.000129000,2048,5767168,,8,0.485719000,4627,confirmed,0.117484000
RSA-2048/SHA-256,1000,0.021034000,2048,4915200,,9,0.340585000,256,confirmed,0.010375000
P-256/SHA-256,1000,0.000051000,2048,5259264,,9,0.013305000,72,confirmed,0.035344000
Ed25519,1000,0.000034000,2048,5373952,,9,0.018857000,64,confirmed,0.041340000
ML-DSA-44,1000,0.000070000,2048,5537792,,9,0.242554000,2420,confirmed,0.049876000
ML-DSA-65,1000,0.000098000,2048,5586944,,9,0.402823000,3309,confirmed,0.075462000
ML-DSA-87,1000,0.000128000,2048,5849088,,9,0.494324000,4627,confirmed,0.117837000
RSA-2048/SHA-256,1000,0.011388000,2048,4931584,,10,0.346117000,256,confirmed,0.010585000
P-256/SHA-256,1000,0.000054000,2048,5275648,,10,0.013360000,70,confirmed,0.035028000
Ed25519,1000,0.000032000,2048,5373952,,10,0.018618000,64,confirmed,0.041979000
ML-DSA-44,1000,0.000077000,2048,5537792,,10,0.234100000,2420,confirmed,0.049431000
ML-DSA-65,1000,0.000098000,2048,5603328,,10,0.399881000,3309,confirmed,0.075387000
ML-DSA-87,1000,0.000122000,2048,5783552,,10,0.477541000,4627,confirmed,0.117503000
RSA-2048/SHA-256,1000,0.028988000,8192,4915200,,1,0.341639000,256,confirmed,0.012464000
P-256/SHA-256,1000,0.000057000,8192,5259264,,1,0.015315000,72,confirmed,0.037009000
Ed25519,1000,0.000031000,8192,5357568,,1,0.026219000,64,confirmed,0.045189000
ML-DSA-44,1000,0.000072000,8192,5537792,,1,0.256179000,2420,confirmed,0.055535000
ML-DSA-65,1000,0.000097000,8192,5570560,,1,0.423408000,3309,confirmed,0.081013000
ML-DSA-87,1000,0.000129000,8192,5832704,,1,0.482164000,4627,confirmed,0.123391000
RSA-2048/SHA-256,1000,0.009698000,8192,4915200,,2,0.341493000,256,confirmed,0.012386000
P-256/SHA-256,1000,0.000053000,8192,5259264,,2,0.015339000,70,confirmed,0.037037000
Ed25519,1000,0.000031000,8192,5357568,,2,0.026113000,64,confirmed,0.044519000
ML-DSA-44,1000,0.000066000,8192,5619712,,2,0.284372000,2420,confirmed,0.070991000
ML-DSA-65,1000,0.000113000,8192,5652480,,2,0.407642000,3309,confirmed,0.089180000
ML-DSA-87,1000,0.000135000,8192,5832704,,2,0.473827000,4627,confirmed,0.123819000
RSA-2048/SHA-256,1000,0.034187000,8192,4931584,,3,0.341281000,256,confirmed,0.012403000
P-256/SHA-256,1000,0.000052000,8192,5275648,,3,0.015366000,70,confirmed,0.037399000
Ed25519,1000,0.000040000,8192,5373952,,3,0.026117000,64,confirmed,0.045026000
ML-DSA-44,1000,0.000075000,8192,5537792,,3,0.252996000,2420,confirmed,0.055536000
ML-DSA-65,1000,0.000102000,8192,5570560,,3,0.404791000,3309,confirmed,0.080797000
ML-DSA-87,1000,0.000130000,8192,5832704,,3,0.481338000,4627,confirmed,0.123093000
RSA-2048/SHA-256,1000,0.030656000,8192,4882432,,4,0.341067000,256,confirmed,0.012429000
P-256/SHA-256,1000,0.000056000,8192,5242880,,4,0.015299000,72,confirmed,0.037037000
Ed25519,1000,0.000031000,8192,5341184,,4,0.026081000,64,confirmed,0.044762000
ML-DSA-44,1000,0.000066000,8192,5586944,,4,0.286266000,2420,confirmed,0.073043000
ML-DSA-65,1000,0.000104000,8192,5636096,,4,0.413488000,3309,confirmed,0.081022000
ML-DSA-87,1000,0.000123000,8192,5734400,,4,0.483376000,4627,confirmed,0.122929000
RSA-2048/SHA-256,1000,0.012004000,8192,4915200,,5,0.341004000,256,confirmed,0.012359000
P-256/SHA-256,1000,0.000063000,8192,5275648,,5,0.015307000,70,confirmed,0.038080000
Ed25519,1000,0.000039000,8192,5373952,,5,0.027098000,64,confirmed,0.045969000
ML-DSA-44,1000,0.000087000,8192,5619712,,5,0.246558000,2420,confirmed,0.055360000
ML-DSA-65,1000,0.000095000,8192,5652480,,5,0.408674000,3309,confirmed,0.081070000
ML-DSA-87,1000,0.000126000,8192,5718016,,5,0.483361000,4627,confirmed,0.123028000
RSA-2048/SHA-256,1000,0.012406000,8192,4915200,,6,0.341077000,256,confirmed,0.012342000
P-256/SHA-256,1000,0.000051000,8192,5259264,,6,0.015521000,71,confirmed,0.037063000
Ed25519,1000,0.000032000,8192,5357568,,6,0.026363000,64,confirmed,0.045371000
ML-DSA-44,1000,0.000068000,8192,5537792,,6,0.254358000,2420,confirmed,0.055371000
ML-DSA-65,1000,0.000092000,8192,5570560,,6,0.413236000,3309,confirmed,0.080972000
ML-DSA-87,1000,0.000128000,8192,5668864,,6,0.494083000,4627,confirmed,0.123390000
RSA-2048/SHA-256,1000,0.037000000,8192,4882432,,7,0.341631000,256,confirmed,0.012331000
P-256/SHA-256,1000,0.000056000,8192,5226496,,7,0.015321000,72,confirmed,0.036974000
Ed25519,1000,0.000030000,8192,5324800,,7,0.026084000,64,confirmed,0.044687000
ML-DSA-44,1000,0.000073000,8192,5505024,,7,0.249600000,2420,confirmed,0.055553000
ML-DSA-65,1000,0.000105000,8192,5537792,,7,0.396226000,3309,confirmed,0.080930000
ML-DSA-87,1000,0.000131000,8192,5636096,,7,0.472235000,4627,confirmed,0.123180000
RSA-2048/SHA-256,1000,0.020504000,8192,4915200,,8,0.365739000,256,confirmed,0.012621000
P-256/SHA-256,1000,0.000052000,8192,5275648,,8,0.015301000,71,confirmed,0.037145000
Ed25519,1000,0.000032000,8192,5373952,,8,0.026095000,64,confirmed,0.045265000
ML-DSA-44,1000,0.000073000,8192,5554176,,8,0.248083000,2420,confirmed,0.055386000
ML-DSA-65,1000,0.000094000,8192,5701632,,8,0.414524000,3309,confirmed,0.081366000
ML-DSA-87,1000,0.000137000,8192,5767168,,8,0.459548000,4627,confirmed,0.123146000
RSA-2048/SHA-256,1000,0.022919000,8192,4931584,,9,0.341014000,256,confirmed,0.012395000
P-256/SHA-256,1000,0.000051000,8192,5275648,,9,0.015411000,70,confirmed,0.037069000
Ed25519,1000,0.000038000,8192,5373952,,9,0.026025000,64,confirmed,0.044528000
ML-DSA-44,1000,0.000064000,8192,5619712,,9,0.253159000,2420,confirmed,0.055351000
ML-DSA-65,1000,0.000094000,8192,5685248,,9,0.414100000,3309,confirmed,0.080862000
ML-DSA-87,1000,0.000132000,8192,5783552,,9,0.494571000,4627,confirmed,0.125297000
RSA-2048/SHA-256,1000,0.016015000,8192,4882432,,10,0.353872000,256,confirmed,0.013656000
P-256/SHA-256,1000,0.000061000,8192,5226496,,10,0.016240000,71,confirmed,0.038851000
Ed25519,1000,0.000045000,8192,5324800,,10,0.027566000,64,confirmed,0.046592000
ML-DSA-44,1000,0.000090000,8192,5586944,,10,0.247098000,2420,confirmed,0.080951000
ML-DSA-65,1000,0.000112000,8192,5652480,,10,0.416196000,3309,confirmed,0.089361000
ML-DSA-87,1000,0.000132000,8192,5750784,,10,0.463524000,4627,confirmed,0.124656000
